siren,nic,siret,statutDiffusionEtablissement,dateCreationEtablissement,trancheEffectifsEtablissement,anneeEffectifsEtablissement,activitePrincipaleRegistreMetiersEtablissement,dateDernierTraitementEtablissement,etablissementSiege,etatAdministratifUniteLegale,statutDiffusionUniteLegale,unitePurgeeUniteLegale,dateCreationUniteLegale,categorieJuridiqueUniteLegale,denominationUniteLegale,sigleUniteLegale,sexeUniteLegale,nomUniteLegale,nomUsageUniteLegale,prenom1UniteLegale,prenom2UniteLegale,prenom3UniteLegale,prenom4UniteLegale,prenomUsuelUniteLegale,pseudonymeUniteLegale,activitePrincipaleUniteLegale,nomenclatureActivitePrincipaleUniteLegale,identifiantAssociationUniteLegale,economieSocialeSolidaireUniteLegale,societeMissionUniteLegale,trancheEffectifsUniteLegale,anneeEffectifsUniteLegale,nicSiegeUniteLegale,dateDernierTraitementUniteLegale,categorieEntreprise,anneeCategorieEntreprise,complementAdresseEtablissement,numeroVoieEtablissement,indiceRepetitionEtablissement,dernierNumeroVoieEtablissement,typeVoieEtablissement,libelleVoieEtablissement,codePostalEtablissement,libelleCommuneEtablissement,libelleCommuneEtrangerEtablissement,codeCommuneEtablissement,codePaysEtrangerEtablissement,libellePaysEtrangerEtablissement,identifiantAdresseEtablissement,coordonneeLambertAbscisseEtablissement,coordonneeLambertOrdonneeEtablissement,etatAdministratifEtablissement,enseigne1Etablissement,enseigne2Etablissement,enseigne3Etablissement,denominationUsuelleEtablissement,activitePrincipaleEtablissement,nomenclatureActivitePrincipaleEtablissement,caractereEmployeurEtablissement,activitePrincipaleNAF25Etablissement
186400057,00060,18640005700060,O,1986-11-24,21,2023,,2025-12-06T03:39:51.142,false,A,O,,1948-06-14,7381,CHAMBRE DE COMMERCE ET D'INDUSTRIE BAYONNE PAYS BASQUE,CCI,,,,,,,,,,94.11Z,NAFRev2,,N,,21,2023,00011,2025-12-06T05:39:03.337,PME,2023,,850,,,ROUTE,DE LA BARRE,40220,TARNOS,,40312,,,403120705_B,335119.40851663915,6280562.928611525,A,PORT DE BAYONNE,,,,52.22Z,NAFRev2,N,52.22Y
211700190,00054,21170019000054,O,1986-01-01,02,2023,,2025-12-06T02:44:22.251,false,A,O,,1962-03-07,7210,COMMUNE D ARS EN RE,,,,,,,,,,,84.11Z,NAFRev2,,N,,12,2023,00088,2025-12-06T05:39:39.686,PME,2023,CAPITAINERIE,,,,ROUTE,DE LA BASE NAUTIQUE,17590,ARS-EN-RE,,17019,,,170190144_B,352552.30425571953,6578115.929928148,A,PORT DE PLAISANCE,,,,52.22Z,NAFRev2,O,52.22Y
223300013,00297,22330001300297,O,1988-01-01,21,2023,,2025-12-05T17:08:36.219,false,A,O,,1982-01-01,7220,DEPARTEMENT DE LA GIRONDE,,,,,,,,,,,84.11Z,NAFRev2,,N,,52,2023,00016,2025-12-06T07:55:14.861,GE,2023,,19,,,AVENUE,DU PHARE DE CORDOUAN,33123,LE VERDON-SUR-MER,,33544,,,335440112_B,383104.6014862195,6504656.165677937,A,SCE MARITIME DEPARTEMENTAL BACS GIRONDE,,,,50.10Z,NAFRev2,N,50.10Y
300685609,00012,30068560900012,O,1973-01-01,21,2023,,2025-12-06T03:50:31.399,true,A,O,,1973-01-01,5710,ROTOMOD,RTM,,,,,,,,,,30.12Z,NAFRev2,,N,,21,2023,00012,2025-12-06T05:18:59.845,PME,2023,ZI JEAN MALEZES,,,,,ZONE INDUST JEAN MALEZE,47240,BON-ENCONTRE,,47032,,,,,,A,,,,,30.12Z,NAFRev2,O,30.12Y
304516420,00094,30451642000094,O,2019-11-29,12,2023,,2025-12-06T04:48:35.735,true,A,O,,1975-01-01,5710,DRAGAGE TRANSPORTS ET TRAVAUX MARITIMES,DTM,,,,,,,,,,50.20Z,NAFRev2,,N,,12,2023,00094,2025-12-06T10:49:28.661,GE,2023,QUAI NORD HANGAR N1,,,,,PORT LA ROCHELLE PALLICE,17000,LA ROCHELLE,,17300,,,17300B076_C,,,A,,,,,50.20Z,NAFRev2,N,50.20Y
307309898,00020,30730989800020,O,1900-01-01,32,2023,,2025-12-05T17:06:48.615,true,A,O,,1900-01-01,5599,FOUNTAINE PAJOT,,,,,,,,,,,30.12Z,NAFRev2,,N,,41,2023,00020,2025-12-06T06:55:36.807,ETI,2023,ZONE INDUSTRIELLE,,,,,,17290,AIGREFEUILLE D'AUNIS,,17003,,,,,,A,FOUNTAINE PAJOT MOTOR YACHTS,,,FOUNTAINE PAJOT MOTOR YACHTS,30.12Z,NAFRev2,O,30.12Y
307309898,00038,30730989800038,O,1999-01-01,31,2023,,2025-12-06T04:41:32.358,false,A,O,,1900-01-01,5599,FOUNTAINE PAJOT,,,,,,,,,,,30.12Z,NAFRev2,,N,,41,2023,00020,2025-12-06T06:55:36.807,ETI,2023,PORT NEUF,,,,BOULEVARD,WINSTON CHURCHILL,17000,LA ROCHELLE,,17300,,,173008425_B,377469.1819418132,6570120.834190834,A,,,,,30.12Z,NAFRev2,O,30.12Y
310288162,00012,31028816200012,O,1977-01-01,21,2023,,2025-12-06T04:55:02.212,true,A,O,,1977-01-01,5710,SOCIETE D'ARMEMENT ET DE TRANSPORT,SOCATRA,,,,,,,,,,50.20Z,NAFRev2,,N,,21,2023,00012,2025-12-06T05:14:33.418,ETI,2023,,9,,,ALLEE,DE TOURNY,33000,BORDEAUX,,33063,,,330639030_B,417563.76406006573,6422491.08242649,A,,,,,50.20Z,NAFRev2,O,50.20Y
313781650,00012,31378165000012,O,1900-01-01,22,2023,,2025-12-06T00:05:56.161,true,A,O,,1978-01-01,5599,SA CHANTIERS AMEL,,,,,,,,,,,33.15Z,NAFRev2,,N,,22,2023,00012,2025-12-06T05:23:00.622,PME,2023,,8,,,RUE,JOSEPH CUGNOT,17180,PERIGNY,,17274,,,172740157_B,383285.7018556158,6570089.346444309,A,,,,,30.12Z,NAFRev2,O,30.12Y
315905919,00025,31590591900025,O,2003-02-14,02,2023,,2025-12-05T22:16:01.54,true,A,O,,1979-01-01,5554,SOCIETE COOPERATIVE MARITIME GURE LANA,,,,,,,,,,,30.11Z,NAFRev2,,N,,02,2023,00025,2025-12-06T07:36:30.004,PME,2023,,12,,,QUAI,PASCAL ELISSALT,64500,CIBOURE,,64189,,,641890650_B,322016.35418089555,6265237.537065746,A,,,,,30.11Z,NAFRev2,O,30.11Y
319116661,00111,31911666100111,O,2003-07-01,03,2023,,2025-12-05T22:58:28.959,false,A,O,,1980-09-01,5710,SEA INVEST SHIPPING AGENCY,,,,,,,,,,,52.22Z,NAFRev2,,N,,21,2023,00137,2025-12-06T06:07:32.342,ETI,2023,,1,,,RUE,RICHELIEU,33530,BASSENS,,33032,,,330320603_B,421135.87456232816,6429589.536111637,A,,,,,52.22Z,NAFRev2,O,52.22Y
319116661,00186,31911666100186,O,2020-03-01,02,2023,,2025-12-06T04:26:19.613,false,A,O,,1980-09-01,5710,SEA INVEST SHIPPING AGENCY,,,,,,,,,,,52.22Z,NAFRev2,,N,,21,2023,00137,2025-12-06T06:07:32.342,ETI,2023,,,,,ROUTE,DE LA BARRE,40220,TARNOS,,40312,,,403120705_B,335327.8185359756,6280486.433630976,A,,,,,52.22Z,NAFRev2,O,52.22Y
335184461,00036,33518446100036,O,1987-01-01,11,2023,3012ZZ,2025-12-05T17:06:31.839,true,A,O,,1986-03-24,5710,B2 MARINE,,,,,,,,,,,30.12Z,NAFRev2,,N,,11,2023,00036,2025-12-06T07:32:42.681,PME,2023,PARC D ACTIVITES,,,,,DES AUGUSTINS,33360,LATRESNE,,33234,,,,,,A,,,,,30.12Z,NAFRev2,O,30.12Y
337909063,00105,33790906300105,O,2015-10-09,02,2023,,2025-12-06T04:22:32.82,false,A,O,,1986-05-24,5499,SARL AYROLES AUTO RECUPER,,,,,,,,,,,45.20A,NAFRev2,,,,03,2023,00022,2025-12-25T13:16:54.984,PME,2023,PARC ECONOMIQUE DE RORTHAIS,,,,RUE,DE L’ATLANTIQUE,79700,MAULEON,,79079,,,79079odfd5q_B,419223.4101317921,6651727.372766205,A,,,,,30.12Z,NAFRev2,O,30.12Y
340330265,00018,34033026500018,O,1986-12-29,03,2023,3012ZZ,2025-12-05T16:00:18.566,true,A,O,,1986-12-29,5499,NAUTI BOY,,,,,,,,,,,30.12Z,NAFRev2,,N,,03,2023,00018,2025-12-06T08:52:06.818,PME,2023,CLAOUEY,,,,AVENUE,JANE DE BOY,33950,LEGE-CAP-FERRET,,33236,,,332360885_B,369659.22711764206,6415006.640088802,A,,,,,30.12Z,NAFRev2,O,30.12Y
340422260,00034,34042226000034,O,1988-04-07,12,2023,,2025-12-05T17:24:29.835,true,A,O,,1987-02-16,5710,J P 3,,,,,,,,,,,28.15Z,NAFRev2,,N,,12,2023,00034,2025-12-06T06:29:53.161,PME,2023,LE BOUT DES BARQUES,16,,,RUE,DU BOUT DES BARQUES,17230,MARANS,,17218,,,172180170_B,391892.48,6587208.9,A,J P 3,,,,33.15Z,NAFRev2,O,33.15Y
340889476,00040,34088947600040,O,2009-03-25,12,2023,,2025-12-06T05:06:57.688,false,A,O,,1987-03-04,5599,OCEA,,,,,,,,,,,30.11Z,NAFRev2,,N,,32,2023,00016,2025-12-06T05:18:03.304,ETI,2023,,3,,,RUE,DE LA COTE D'IVOIRE,17000,LA ROCHELLE,,17300,,,173002170_B,374495.4172011495,6570505.0394882895,A,,,,,30.11Z,NAFRev2,O,30.13Y
342012390,00023,34201239000023,O,1987-07-01,41,2023,,2025-12-06T00:13:08.377,true,A,O,,1987-07-01,5710,CONSTRUCTION NAVALE BORDEAUX,,,,,,,,,,,30.12Z,NAFRev2,,N,,41,2023,00023,2025-12-06T05:21:15.495,ETI,2023,CS 81217,162,,,QUAI,DE BRAZZA,33100,BORDEAUX,,33063,,,330631230_B,420453.23977182544,6424489.060558825,A,,,,,30.12Z,NAFRev2,O,30.12Y
344455233,00017,34445523300017,O,1988-04-01,02,2023,3315ZZ,2025-12-06T03:15:46.664,true,A,O,,1988-04-01,5710,NAUTIC 17,,,,,,,,,,,33.15Z,NAFRev2,,N,,02,2023,00017,2025-12-06T05:13:41.69,PME,2023,,,,,,LE PORT,17480,LE CHATEAU-D'OLERON,,17093,,,17093lq1347_B,375098.1583225438,6540155.658468959,A,,,,,33.15Z,NAFRev2,O,33.15Y
344528484,00027,34452848400027,O,2003-12-05,12,2023,,2025-12-06T00:57:57.658,true,A,O,,1988-03-29,5710,CHANTIER NAUTIQUE DU VIEUX PORT,,,,,,,,,,,33.15Z,NAFRev2,,N,,12,2023,00027,2025-12-06T07:01:04.407,PME,2023,PLATEAU NAUTIQUE,2,,,AVENUE,ALBERT EINSTEIN,17000,LA ROCHELLE,,17300,,,173000107_B,379394.5277020186,6569370.882083725,A,,,,,33.15Z,NAFRev2,O,33.15Y
347669632,00197,34766963200197,O,2019-01-01,02,2023,,2025-12-05T15:23:57.003,false,A,O,,1988-05-02,5710,COOPERATIVE MARITIME D'ARCACHON,,,,,,,,,,,46.69C,NAFRev2,,N,,21,2023,00015,2025-12-06T05:41:31.12,PME,2023,,1051,,,BOULEVARD,DE L’INDUSTRIE,33260,LA TESTE-DE-BUCH,,33529,,,335291587_B,372406.0910768019,6398472.255027678,A,MOTEURS ET BATEAUX,,,MOTEURS ET BATEAUX,33.15Z,NAFRev2,O,33.15Y
347987901,00019,34798790100019,O,1988-10-01,12,2023,,2025-12-05T22:00:05.728,true,A,O,,1988-10-01,5710,BOLUDA LA ROCHELLE,,,,,,,,,,,52.22Z,NAFRev2,,N,,12,2023,00019,2025-12-06T09:28:39.899,ETI,2023,LA PALLICE,,,,RUE,DU DAHOMEY,17000,LA ROCHELLE,,17300,,,173002280_C,,,A,,,,,52.22Z,NAFRev2,O,52.22Y
348116971,00014,34811697100014,O,1988-10-01,11,2023,,2025-12-25T13:24:55.653,true,A,O,,1988-10-01,5710,SOCIETE FOURAS AIX,,,,,,,,,,,50.10Z,NAFRev2,,N,,11,2023,00014,2025-12-25T13:24:55.644,GE,2023,,3,,,RUE,GOURGAUD,17123,ILE-D'AIX,,17004,,,170040040_B,377152.87139028136,6554272.561046331,A,,,,,50.10Z,NAFRev2,N,50.10Y
379124779,00016,37912477900016,O,1990-07-01,22,2023,,2025-12-05T16:04:20.521,true,A,O,,1990-07-01,5710,NAUTITECH CATAMARANS,CIM,,,,,,,,,,30.12Z,NAFRev2,,N,,22,2023,00016,2025-12-06T05:19:59.382,PME,2023,ZI CANAL DES SOEURS,5,,,RUE,HUBERT PENNEVERT,17300,ROCHEFORT,,17299,,,172990962_B,393717.47847465094,6547781.1595913535,A,,,,,30.12Z,NAFRev2,O,30.12Y
379124779,00024,37912477900024,O,2015-02-01,03,2023,,2025-12-06T04:37:01.102,false,A,O,,1990-07-01,5710,NAUTITECH CATAMARANS,CIM,,,,,,,,,,30.12Z,NAFRev2,,N,,22,2023,00016,2025-12-06T05:19:59.382,PME,2023,,1,,,RUE,HUBERT PENNEVERT,17300,ROCHEFORT,,17299,,,172990962_B,393666.29405436636,6547586.253240075,A,,,,,33.15Z,NAFRev2,N,33.15Y
379124779,00032,37912477900032,O,2015-07-22,03,2023,,2025-12-05T15:30:32.394,false,A,O,,1990-07-01,5710,NAUTITECH CATAMARANS,CIM,,,,,,,,,,30.12Z,NAFRev2,,N,,22,2023,00016,2025-12-06T05:19:59.382,PME,2023,,,,,RUE,HUBERT PENNEVERT,17300,ROCHEFORT,,17299,,,172990962_B,393749.8713268462,6547571.943918242,A,,,,,33.15Z,NAFRev2,N,33.15Y
379722275,00060,37972227500060,O,2022-01-01,11,2023,3315ZZ,2025-12-05T15:34:49.04,false,A,O,,1990-10-25,5499,RC MARINE LA ROCHELLE,,,,,,,,,,,47.64Z,NAFRev2,,N,,12,2023,00078,2025-12-06T06:18:47.901,ETI,2023,,10,,,RUE,DE LA BONETTE,17000,LA ROCHELLE,,17300,,,173001045_B,379156.8596787365,6569577.6819847915,A,,,,,33.15Z,NAFRev2,O,33.15Y
385097472,00026,38509747200026,O,1992-01-01,03,2023,,2025-12-06T02:26:17.064,false,A,O,,1992-01-01,4150,REGIE DU PORT D'ARCACHON,,,,,,,,,,,93.29Z,NAFRev2,,N,,12,2023,00018,2025-12-06T06:23:52.633,PME,2023,,,,,QUAI,DU CDT SILHOUETTE,33120,ARCACHON,,33009,,,,,,A,PORT DE PECHE,,,,52.22Z,NAFRev2,O,52.22Y
385224043,00013,38522404300013,O,1992-04-01,03,2023,,2025-12-05T21:04:54.871,true,A,O,,1992-04-01,5710,ATLANTIQUE MARINE CONSTRUCTION (AMC),,,,,,,,,,,33.15Z,NAFRev2,,N,,03,2023,00013,2025-12-06T11:22:48.273,PME,2023,,,,,PORT,DE LARROS,33470,GUJAN-MESTRAS,,33199,,,33199B222_B,377189.28316395706,6402028.169401701,A,,,,AMC NAUTIQUES SERVICES,33.15Z,NAFRev2,O,33.15Y
389002593,00025,38900259300025,O,1992-04-01,11,2023,3109AZ,2025-12-06T01:17:55.934,true,A,O,,1992-04-01,5710,ATLANTIQUE SELLERIE CHRISTIAN COSTES,,,,,,,,,,,30.12Z,NAFRev2,,O,,11,2023,00025,2025-12-06T06:09:29.007,PME,2023,,6,,,RUE,MICHEL BARILLAUD,17340,CHATELAILLON-PLAGE,,17094,,,170940720_B,383974.4630676978,6560122.247926469,A,,,,,30.12Z,NAFRev2,O,30.12Y
389827775,00021,38982777500021,O,2020-01-01,02,2023,3011ZA,2025-12-05T16:33:02.927,true,A,O,,1993-01-20,5499,LACAZE,,,,,,,,,,,30.12Z,NAFRev2,,N,,02,2023,00021,2025-12-06T06:05:05.808,PME,2023,,39,,,RUE,NICEPHORE NIEPCE,33510,ANDERNOS-LES-BAINS,,33005,,,330050928_B,377761.5939223456,6415997.645106781,A,,,,,30.12Z,NAFRev2,O,30.12Y
390549822,00166,39054982200166,O,2013-01-08,03,2023,,2025-12-06T00:40:02.639,false,A,O,,1993-02-15,5710,MSC - MEDITERRANEAN SHIPPING COMPANY FRANCE,,,,,,,,,,,50.20Z,NAFRev2,,N,,41,2023,00182,2025-12-06T05:23:46.121,ETI,2023,,88,,,AVENUE,PRESIDENT J.F. KENNEDY,33700,MERIGNAC,,33281,,,332812435_B,409036.66056045867,6421933.402409175,A,,,,,50.20Z,NAFRev2,O,52.31Y
393820576,00022,39382057600022,O,1994-01-01,02,2023,3315ZZ,2025-12-05T15:16:25.265,true,A,O,,1994-01-01,5499,YACHTING MEDOC,,,,,,,,,,,46.49Z,NAFRev2,,N,,02,2023,00022,2025-12-06T08:30:19.913,PME,2023,,89,,,AVENUE,DU LAC,33990,HOURTIN,,33203,,,332030070_B,380386.582030314,6462020.076944369,A,,,,,33.15Z,NAFRev2,O,33.15Y
394785331,00015,39478533100015,O,1994-04-01,02,2023,,2025-12-05T22:31:56.035,true,A,O,,1994-04-01,9220,ASSOC MARIN'ESCALE SEAMENS'CLUB,,,,,,,,,,,52.22Z,NAFRev2,W173000427,O,,02,2023,00015,2025-12-06T06:49:09.035,PME,2023,,,,,RUE,DU DAHOMEY,17000,LA ROCHELLE,,17300,,,173002280_C,,,A,,,,,52.22Z,NAFRev2,O,52.22Y
395237522,00028,39523752200028,O,2003-05-01,12,2023,,2025-12-06T03:07:12.548,true,A,O,,1994-02-01,5499,SARL LECAMUS,,,,,,,,,,,33.15Z,NAFRev2,,,,12,2023,00028,2025-12-06T05:16:51.393,PME,2023,,10,,,RUE,DE LA COTE D'IVOIRE,17000,LA ROCHELLE,,17300,,,173002170_B,374495.4172011495,6570505.0394882895,A,,,,,33.15Z,NAFRev2,O,33.15Y
404209744,00022,40420974400022,O,2001-10-01,03,2023,,2025-12-06T03:40:58.158,true,A,O,,1996-03-11,5710,BLONDEAU MARINE,,,,,,,,,,,33.15Z,NAFRev2,,N,,03,2023,00022,2025-12-06T11:10:03.927,PME,2023,,,,,QUAI,DE LA CHABOSSIERE,17590,ARS-EN-RE,,17019,,,170190312_B,352417.72859640955,6577811.060237987,A,,,,,33.15Z,NAFRev2,O,33.15Y
404530925,00076,40453092500076,O,2004-06-29,02,2023,,2025-12-06T04:35:29.371,false,A,O,,1996-03-19,5499,COURMAR,,,,,,,,,,,52.22Z,NAFRev2,,N,,21,2023,00019,2025-12-06T08:46:43.738,PME,2023,,112,,,BOULEVARD,EMILE DELMAS,17000,LA ROCHELLE,,17300,,,173002840_B,374816.3260309564,6571023.244888817,A,,,,,52.22Z,NAFRev2,O,52.22Y
404875452,00033,40487545200033,O,2002-10-01,12,2023,3012ZZ,2025-12-05T19:32:45.909,true,A,O,,1996-04-15,5710,EXEL YACHTING,,,,,,,,,,,30.12Z,NAFRev2,,N,,21,2023,00033,2025-12-06T07:32:42.949,ETI,2023,,6,,,RUE,DES RIVAUDS,17000,LA ROCHELLE,,17300,,,173007093_B,375823.81653637375,6572291.4224463785,A,,,,,30.12Z,NAFRev2,O,30.12Y
404875452,00041,40487545200041,O,2021-01-01,11,2023,,2025-12-06T04:26:09.742,false,A,O,,1996-04-15,5710,EXEL YACHTING,,,,,,,,,,,30.12Z,NAFRev2,,N,,21,2023,00033,2025-12-06T07:32:42.949,ETI,2023,ZA LES RIVAUDS NORD,8,A,,RUE,ELIE BARREAU,17000,LA ROCHELLE,,17300,,,173002805_B,375758.023632388,6572687.718657209,A,,,,,30.12Z,NAFRev2,O,30.12Y
410433304,00020,41043330400020,O,2012-09-27,11,2023,,2025-12-06T04:13:41.714,true,A,O,,1996-12-05,5710,ALTERNATIVES ENERGIES,,,,,,,,,,,30.11Z,NAFRev2,,N,,11,2023,00020,2025-12-06T10:32:53.749,ETI,2023,,52,,,RUE,SENAC DE MEILHAN,17000,LA ROCHELLE,,17300,,,173007616_B,379630.72093437455,6569592.419617988,A,,,,,30.11Z,NAFRev2,O,30.11Y
410757991,00022,41075799100022,O,2020-01-01,03,2023,,2025-12-05T23:19:24.319,true,A,O,,1997-01-01,5499,ATELIERS MECANIQUES DES PERTUIS,,,,,,,,,,,33.15Z,NAFRev2,,N,,11,2023,00022,2025-12-06T07:41:24.575,PME,2023,PORT DE CHEF DE BAIE,,,,RUE,SAMUEL DE CHAMPLAIN,17000,LA ROCHELLE,,17300,,,173007515_B,375371.33867806016,6569793.551845904,A,,,,,33.15Z,NAFRev2,N,33.15Y
410828198,00029,41082819800029,O,2002-08-26,11,2023,3315ZZ,2025-12-05T19:34:11.324,true,A,O,,1997-01-05,5499,MAIRE MARINE COMPETENCES,,,,,,,,,,,30.11Z,NAFRev2,,N,,11,2023,00029,2025-12-06T06:28:38.584,PME,2023,PARC D'ENTREPRISES,11,,,RUE,SUFFREN,33950,LEGE-CAP-FERRET,,33236,,,332361616_B,370440.96772581706,6418444.177086371,A,,,,,33.15Z,NAFRev2,O,33.15Y
412786436,00037,41278643600037,O,2015-12-16,02,2023,3315ZZ,2025-12-06T03:46:09.606,true,A,O,,1997-07-01,5499,SERRAM,,,,,,,,,,,33.15Z,NAFRev2,,N,,02,2023,00037,2025-12-06T07:34:30.677,PME,2023,,44,,,AVENUE,JOSEPH ABEBERRY,64500,CIBOURE,,64189,,,641890498_B,321877.7496481298,6264524.175372428,A,,,,,33.15Z,NAFRev2,O,33.15Y
413843319,00034,41384331900034,O,2007-02-01,11,2023,3012ZZ,2025-12-05T22:39:25.899,true,A,O,,1997-09-05,5710,GRASSI BATEAUX SARL,,,,,,,,,,,33.15Z,NAFRev2,,N,,11,2023,00034,2025-12-06T05:26:19.53,PME,2023,PLATEAU NAUTIQUE,5,,,RUE,SENAC DE MEILHAN,17000,LA ROCHELLE,,17300,,,173007616_B,379630.72093437455,6569592.419617988,A,,,,CAP AU LARGE,33.15Z,NAFRev2,O,33.15Y
414997007,00011,41499700700011,O,1998-01-01,03,2023,3012ZZ,2025-12-05T19:30:54.208,true,A,O,,1998-01-01,5499,DESPIERRES CHARPENTE NAVALE,,,,,,,,,,,33.15Z,NAFRev2,,,,03,2023,00011,2025-12-06T05:43:28.998,PME,2023,PLATEAU NAUTIQUE,,,,RUE,SENAC DE MEILHAN,17000,LA ROCHELLE,,17300,,,173007616_B,379630.72093437455,6569592.419617988,A,,,,,33.15Z,NAFRev2,O,33.15Y
418425047,00010,41842504700010,O,1998-04-01,03,2023,3315ZZ,2025-12-05T18:49:45.112,true,A,O,,1998-04-01,5499,ATELIER DU TECK,,,,,,,,,,,30.12Z,NAFRev2,,,,03,2023,00010,2025-12-06T06:03:29.695,PME,2023,ZONE INDUSTRIELLE OUEST VOIE D,,,,RUE,HILAIRE SASSARO,17700,SURGERES,,17434,,,174342319_B,408201.6276687909,6563696.86673638,A,,,,,30.12Z,NAFRev2,O,30.12Y
418756136,00010,41875613600010,O,1998-05-02,11,2023,3012ZZ,2025-12-06T03:25:25.296,true,A,O,,1998-05-02,5499,TECK INOX,,,,,,,,,,,33.15Z,NAFRev2,,N,,11,2023,00010,2025-12-06T05:54:01.711,PME,2023,,34,,,RUE,DU TOURMENTIN,17000,LA ROCHELLE,,17300,,,173007991_B,379040.87530450965,6569246.956505198,A,,,,,33.15Z,NAFRev2,O,33.15Y
421481169,00090,42148116900090,O,2005-12-15,12,2023,,2025-12-05T20:07:18.325,true,A,O,,1998-12-17,5710,CROISIERES INTER-ILES,,,,,,,,,,,50.10Z,NAFRev2,,N,,12,2023,00090,2025-12-25T13:17:14.594,PME,2023,LE GABUT,3,,,,VC PROMENOIR COUREAULEURS,17000,LA ROCHELLE,,17300,,,,,,A,CROISIERES INTER-ILES,,,,50.10Z,NAFRev2,O,50.10Y
421800897,00017,42180089700017,O,1998-11-26,11,2023,3012ZZ,2025-12-06T03:18:13.006,true,A,O,,1998-11-26,5499,STRATO COMPO,,,,,,,,,,,30.12Z,NAFRev2,,,,11,2023,00017,2025-12-06T07:55:59.11,PME,2023,,49,,,ROUTE,DE DEPEE,33590,GRAYAN-ET-L'HOPITAL,,33193,,,331930130_B,379261.49437531363,6487974.469595772,A,,,,,30.12Z,NAFRev2,O,30.12Y
422886465,00026,42288646500026,O,2002-04-15,02,2023,3012ZZ,2025-12-05T17:38:59.498,true,A,O,,1999-04-15,5499,ATLANTIC CONCEPT,,,,,,,,,,,30.12Z,NAFRev2,,,,02,2023,00026,2025-12-06T07:36:38.096,PME,2023,PARC D'ENTREPRISES,12,,,RUE,SUFFREN,33950,LEGE-CAP-FERRET,,33236,,,332361616_B,370446.4166854805,6418428.873507966,A,,,,,30.12Z,NAFRev2,O,30.12Y
430366450,00038,43036645000038,O,2013-02-14,12,2023,3315ZZ,2025-12-06T02:29:33.611,true,A,O,,2000-04-03,5710,NAUTIC ELEC - GULF STREAM,,,,,,,,,,,33.15Z,NAFRev2,,N,,12,2023,00038,2025-12-06T05:20:37.496,PME,2023,,6,,,RUE,VIRGINIE HERIOT,17000,LA ROCHELLE,,17300,,,173008381_B,379723.54364673956,6569310.41197532,A,,,,NAUTIC ELEC - GULF STREAM,33.15Z,NAFRev2,O,33.15Y
432678894,00010,43267889400010,O,2000-08-23,11,2023,3012ZZ,2025-12-06T00:58:58.288,true,A,O,,2000-08-23,5499,DUBOURDIEU 1800,,,,,,,,,,,30.12Z,NAFRev2,,,,11,2023,00010,2025-12-06T08:17:58.776,PME,2023,,,,,PORT,DE LARROS,33470,GUJAN-MESTRAS,,33199,,,33199B222_B,377189.28316395706,6402028.169401701,A,,,,,30.12Z,NAFRev2,O,30.12Y
441133808,00101,44113380800101,O,2003-06-01,42,2023,,2025-12-06T02:07:17.006,false,A,O,,2002-01-31,5599,NAVAL GROUP,,,,,,,,,,,30.11Z,NAFRev2,,N,,53,2023,00135,2025-12-22T18:31:39.631,GE,2023,,,,,AVENUE,JEAN JAURES,16600,RUELLE-SUR-TOUVRE,,16291,,,162910500_B,483737.2371163002,6512461.27813298,A,,,,,30.11Z,NAFRev2,O,30.13Y
442503512,00026,44250351200026,O,2005-07-01,03,2023,3315ZZ,2025-12-05T22:49:42.015,false,A,O,,2002-06-01,5499,SEUDRE SERVICE,STM,,,,,,,,,,46.69B,NAFRev2,,,,11,2023,00018,2025-12-06T06:18:32.629,PME,2023,,29,,,ROUTE,DU MAGARIN,17920,BREUILLET,,17064,,,170641004_B,384793.16676181526,6519067.278851536,A,SEUDRE SERVICE,,,,33.15Z,NAFRev2,O,33.15Y
442503512,00042,44250351200042,O,2017-04-18,02,2023,3315ZZ,2025-12-05T19:22:31.816,false,A,O,,2002-06-01,5499,SEUDRE SERVICE,STM,,,,,,,,,,46.69B,NAFRev2,,,,11,2023,00018,2025-12-06T06:18:32.629,PME,2023,14 15 16 VOUTES DU PORT,14,,,QUAI,AMIRAL MEYER,17200,ROYAN,,17306,,,173060093_B,386044.00606993306,6510332.932175028,A,SEUDRE SERVICE,,,,33.15Z,NAFRev2,O,33.15Y
448149104,00029,44814910400029,O,2003-05-16,02,2023,3012ZZ,2025-12-05T15:42:05.916,false,A,O,,2003-04-10,5499,ESPACE NAUTIQUE,,,,,,,,,,,33.15Z,NAFRev2,,N,,02,2023,00011,2025-12-06T05:34:55.496,PME,2023,,,,,,PARCELLES F 745 ET F 746,17840,LA BREE-LES-BAINS,,17486,,,,,,A,,,,,33.15Z,NAFRev2,O,33.15Y
448454694,00028,44845469400028,O,2006-03-01,02,2023,3012ZZ,2025-12-05T15:58:00.828,true,A,O,,2003-05-02,5710,MARINE SELLERIE,MS,,,,,,,,,,30.12Z,NAFRev2,,N,,02,2023,00028,2025-12-06T07:14:38.23,PME,2023,ZAC DE BELLE AIRE NORD,9,,,RUE,DE BOUGAINVILLE,17440,AYTRE,,17028,,,170280319_B,384316.82358655595,6567281.895800466,A,MARINE SELLERIE,,,,30.12Z,NAFRev2,O,30.12Y
448482000,00057,44848200000057,O,2021-01-11,03,2023,,2025-12-05T18:38:45.463,true,A,O,,2003-04-01,5499,SOCIETE OFFSHORE SERVICES,SOS,,,,,,,,,,50.10Z,NAFRev2,,N,,03,2023,00057,2025-12-06T06:11:19.868,PME,2023,,,,,CHEMIN,DE LA TANNERIE,33260,LA TESTE-DE-BUCH,,33529,,,335292943_B,370243.0422585066,6400977.726367,A,,,,,50.10Z,NAFRev2,O,50.10Y
449808815,00012,44980881500012,O,2003-08-27,02,2023,3315ZZ,2025-12-05T15:41:14.46,true,A,O,,2003-08-27,5710,CHANTIER NAVAL DU FOUR,,,,,,,,,,,33.15Z,NAFRev2,,N,,02,2023,00012,2025-12-06T05:56:56.364,PME,2023,,,,,,LE FOUR,33950,LEGE-CAP-FERRET,,33236,,,33236ako92i_B,368345.22689854767,6412584.658181781,A,,,,,33.15Z,NAFRev2,O,33.15Y
450627336,00016,45062733600016,O,2003-01-01,03,2023,3012ZZ,2025-12-05T23:09:45.555,true,A,O,,2003-01-01,5710,CONSTRUCTIONS NAVALES RABA,,,,,,,,,,,33.15Z,NAFRev2,,N,,03,2023,00016,2025-12-06T05:16:07.801,PME,2023,,13,,,RUE,CAMILLE PELLETAN,33260,LA TESTE-DE-BUCH,,33529,,,335290530_B,371216.3926137351,6401907.216182172,A,,,,,33.15Z,NAFRev2,O,33.15Y
452966633,00029,45296663300029,O,2016-03-04,02,2023,,2025-12-06T00:48:25.985,true,A,O,,2004-04-07,5710,MEMPHIS-JET,,,,,,,,,,,50.10Z,NAFRev2,,N,,02,2023,00029,2025-12-06T10:24:25.532,PME,2023,CHAI N 29,,,,,STATION LITTORALE HENDAYE,64700,HENDAYE,,64260,,,,,,A,,,,JET ACADEMIE,50.10Z,NAFRev2,O,50.10Y
457201564,00020,45720156400020,O,2012-10-01,03,2023,,2025-12-06T03:45:27.577,false,A,O,,1957-01-01,5499,G BONNIN FRERES,,,,,,,,,,,33.15Z,NAFRev2,,N,,03,2023,00038,2025-12-06T08:19:08.699,PME,2023,,16,,,RUE,DE L’AIGUILLON,33260,LA TESTE-DE-BUCH,,33529,,,335290030_B,371627.90422866505,6403388.548230736,A,,,,,33.15Z,NAFRev2,O,33.15Y
461200834,00038,46120083400038,O,1999-03-01,12,2023,,2025-12-05T22:23:05.561,true,A,O,,1961-01-01,5460,"SOCIETE DE LAMANAGE DU PORT DE BORDEAUX ""ENTREPRISE MARITIME""",,,,,,,,,,,52.22Z,NAFRev2,,O,,12,2023,00038,2025-12-06T11:18:54.323,PME,2023,,1,,,ALLEE,ERIC TABARLY,33310,LORMONT,,33249,,,332490681_B,421191.6002813666,6426621.214850241,A,,,,,52.22Z,NAFRev2,O,52.22Y
478424211,00033,47842421100033,O,2009-04-01,03,2023,3315ZZ,2025-12-05T22:31:57.767,true,A,O,,2004-09-01,5499,ELECTRICITE MARINE,,,,,,,,,,,33.15Z,NAFRev2,,,,03,2023,00033,2025-12-06T05:15:22.521,PME,2023,,19,,,QUAI,MARILLAC,17000,LA ROCHELLE,,17300,,,173005385_B,379002.61936342757,6569315.919660628,A,,,,,33.15Z,NAFRev2,O,33.20Y
478894629,00029,47889462900029,O,2006-03-01,02,2023,,2025-12-05T21:50:04.124,false,A,O,,2004-10-04,5710,AQUITAINE BATEAUX PASSION,ABP,,,,,,,,,,33.15Z,NAFRev2,,N,,02,2023,00045,2025-12-06T09:58:05.516,PME,2023,PORT DE LARROS,,,,RUE,DU PORT,33470,GUJAN-MESTRAS,,33199,,,331990740_B,374899.82806887804,6401812.753475626,A,,,,,33.15Z,NAFRev2,O,33.15Y
480704790,00017,48070479000017,O,2005-02-01,02,2023,4520AD,2025-12-06T03:23:29.104,true,A,O,,2005-02-01,5499,VILLENEUVE MARINE,,,,,,,,,,,33.15Z,NAFRev2,,N,,02,2023,00017,2025-12-06T05:25:05.228,PME,2023,,,,,,ROGER NORD,47300,VILLENEUVE SUR LOT,,47323,,,47323B589_C,,,A,,,,,33.15Z,NAFRev2,O,46.49Y
481367068,00055,48136706800055,O,2014-08-31,02,2023,3315ZZ,2025-12-06T02:22:39.018,false,A,O,,2005-02-23,5499,COTE AQUITAINE PLAISANCE,,,,,,,,,,,47.64Z,NAFRev2,,N,,03,2023,00030,2025-12-06T06:16:00.962,PME,2023,POLE NAUTISME,,,,QUAI,DE GOSLAR,33120,ARCACHON,,33009,,,33009512c1v_B,371659.03395528835,6404093.116489893,A,,,,,33.15Z,NAFRev2,O,33.15Y
482391588,00019,48239158800019,O,2005-04-25,02,2023,,2025-12-05T15:15:33.961,true,A,O,,2005-04-25,5499,GASTES NAUTIC,,,,,,,,,,,33.15Z,NAFRev2,,,,02,2023,00019,2025-12-06T10:55:00.709,PME,2023,LE PORT DE GASTES,851,,,AVENUE,DU LAC,40160,GASTES,,40108,,,401080310_B,369060.1576737739,6367561.918481881,A,,,,,33.15Z,NAFRev2,O,33.15Y
482813268,00018,48281326800018,O,2005-06-06,02,2023,,2025-12-06T04:31:11.067,true,A,O,,2005-06-06,5710,SAINT DENIS CROISIERES,,,,,,,,,,,50.10Z,NAFRev2,,,,02,2023,00018,2025-12-06T07:14:30.85,PME,2023,SAINT-DENIS-D'OLERON,9,,,RUE,DE L'OCEAN,17650,SAINT-DENIS-D'OLERON,,17323,,,173230201_B,359554.9976576565,6558551.431730544,A,,,,,50.10Z,NAFRev2,O,50.10Y
484327788,00010,48432778800010,O,2005-10-01,02,2023,3012ZZ,2025-12-06T01:04:20.668,true,A,O,,2005-10-01,5499,D.E.MARINE,,,,,,,,,,,33.15Z,NAFRev2,,,,02,2023,00010,2025-12-06T10:08:33.239,PME,2023,ZONE ARTISANALE  QUEUE DE,,,,RUE,ANTOINE DE ST EXUPERY,17200,SAINT-SULPICE-DE-ROYAN,,17409,,,,,,A,,,,,33.15Z,NAFRev2,O,33.15Y
484801998,00010,48480199800010,O,2005-10-11,02,2023,,2025-12-06T04:10:39.183,true,A,O,,2005-10-11,5710,PORT ADHOC SOUBISE,,,,,,,,,,,52.22Z,NAFRev2,,N,,02,2023,00010,2025-12-06T11:15:08.418,PME,2023,LE PORT,,,,,,17780,SOUBISE,,17429,,,,,,A,,,,,52.22Z,NAFRev2,O,52.22Y
484991955,00028,48499195500028,O,2015-01-01,02,2023,3315ZZ,2025-12-06T01:03:37.47,false,A,O,,2005-10-11,5499,CHRIS NAUTIC,,,,,,,,,,,33.15Z,NAFRev2,,N,,02,2023,00010,2025-12-06T08:21:02.539,PME,2023,,11,,,RUE,PAUL EMILE VICTOR,17640,VAUX-SUR-MER,,17461,,,174611707_B,384371.3113940241,6513458.444514528,A,CHRIS NAUTIC,,,CHRIS NAUTIC,33.15Z,NAFRev2,O,33.15Y
485389811,00020,48538981100020,O,2015-02-04,22,2023,,2025-12-06T02:58:02.052,true,A,O,,2006-01-01,4110,GRAND PORT MARITIME DE LA ROCHELLE,,,,,,,,,,,52.22Z,NAFRev2,,,,22,2023,00020,2025-12-06T09:20:43.164,PME,2023,,141,,,BOULEVARD,EMILE DELMAS,17000,LA ROCHELLE,,17300,,,173002840_B,374431.2656236289,6570994.570178892,A,,,,PORT ATLANTIQUE LA ROCHELLE / PALR,52.22Z,NAFRev2,O,52.22Y
488480377,00024,48848037700024,O,2006-02-13,02,2023,3312ZB,2025-12-05T22:32:10.571,false,A,O,,2006-01-26,5499,CAP OUEST OLERON,,,,,,,,,,,46.69B,NAFRev2,,N,,02,2023,00016,2025-12-06T08:11:28.742,PME,2023,,,,,,PORT DU CHATEAU,17480,LE CHATEAU D'OLERON,,17093,,,,,,A,CAP OUEST OLERON,,,,33.15Z,NAFRev2,N,33.15Y
493333264,00015,49333326400015,O,2006-12-08,02,2023,3012ZZ,2025-12-05T20:26:11.782,true,A,O,,2006-12-08,1000,,,M,BOSSUET,,JEAN BAPTISTE,GUY,,,JEAN BAPTISTE,,30.12Z,NAFRev2,,,,02,2023,00015,2025-12-06T07:09:55.601,PME,2023,,1,,,RUE,ALEXANDRINE,33260,LA TESTE-DE-BUCH,,33529,,,335290076_B,371819.72928893013,6403480.808481376,A,,,,,30.12Z,NAFRev2,O,30.12Y
494266109,00029,49426610900029,O,2010-10-01,02,2023,3012ZZ,2025-12-05T21:51:53.039,true,A,O,,2007-01-02,5499,CHANTIER LUMINA,,,,,,,,,,,33.15Z,NAFRev2,,N,,02,2023,00029,2025-12-06T05:37:48.72,PME,2023,,,,,,ZONE ARTISANALE LES SEIZINS,17650,SAINT DENIS D'OLERON,,17323,,,,,,A,,,,,33.15Z,NAFRev2,N,33.15Y
497588079,00036,49758807900036,O,2010-03-18,02,2023,3012ZZ,2025-12-05T19:21:28.908,true,A,O,,2007-03-01,5499,ESCALE TECHNIQUE,,,,,,,,,,,33.15Z,NAFRev2,,,,02,2023,00036,2025-12-06T06:22:00.257,PME,2023,,6,,,RUE,DU VER LUISANT,17840,LA BREE-LES-BAINS,,17486,,,174860396_B,363278.0941627571,6554900.547330829,A,ESCALE TECHNIQUE,,,,33.15Z,NAFRev2,O,33.15Y
498967215,00019,49896721500019,O,2007-06-25,02,2023,,2025-12-05T22:27:22.174,true,A,O,,2007-06-25,5710,ATLANTIC REFIT CENTER,ARC,,,,,,,,,,33.15Z,NAFRev2,,N,,02,2023,00019,2025-12-06T05:31:01.313,PME,2023,MAISON DES FORMES,,,,RUE,DE LA COTE D'IVOIRE,17000,LA ROCHELLE,,17300,,,173002170_B,374495.4172011495,6570505.0394882895,A,,,,,33.15Z,NAFRev2,O,33.15Y
500684287,00013,50068428700013,O,2007-11-01,02,2023,,2025-12-05T15:53:32.678,true,A,O,,2007-11-01,5710,AGENCE MARITIME THOMAS,,,,,,,,,,,52.22Z,NAFRev2,,N,,02,2023,00013,2025-12-06T10:30:27.053,PME,2023,,,,,RUE,DU DAHOMEY,17000,LA ROCHELLE,,17300,,,173002280_C,,,A,,,,,52.22Z,NAFRev2,O,52.22Y
500798780,00010,50079878000010,O,2007-10-02,02,2023,,2025-12-05T15:41:15.014,true,A,O,,2007-10-02,5710,DOCKS MARITIMES CONSIGNATION,,,,,,,,,,,52.22Z,NAFRev2,,N,,02,2023,00010,2025-12-06T06:18:56.274,PME,2023,PARC D'ACTIVITE DES DOCKS MARITIMES,,,,QUAI,CARRIET,33310,LORMONT,,33249,,,332490170_B,421349.3293374499,6426948.919251985,A,,,,,52.22Z,NAFRev2,O,52.22Y
502300213,00035,50230021300035,O,2010-07-01,12,2023,2651AZ,2025-12-05T19:45:27.965,true,A,O,,2008-01-28,5710,C3 TECHNOLOGIES,,,,,,,,,,,30.12Z,NAFRev2,,N,,12,2023,00035,2025-12-06T07:32:43.855,PME,2023,,,,,RUE,HENRI BECQUEREL,17180,PERIGNY,,17274,,,172741110_C,,,A,,,,,30.12Z,NAFRev2,O,30.12Y
502517105,00024,50251710500024,O,2019-04-15,03,2023,,2025-12-05T19:58:16.295,true,A,O,,2008-02-06,5710,RIVAGES KAPALOUEST,,,,,,,,,,,50.10Z,NAFRev2,,N,,03,2023,00024,2025-12-06T10:15:48.743,PME,2023,,4,,,RUE,LA DESIREE,17000,LA ROCHELLE,,17300,,,173002452_B,379389.2648289441,6569702.327937801,A,,,,,50.10Z,NAFRev2,O,50.10Y
507978369,00027,50797836900027,O,2008-10-01,12,2023,,2025-12-06T03:08:23.958,true,A,O,,2008-10-01,5710,SURVITEC SAS,,,,,,,,,,,30.12Z,NAFRev2,,N,,12,2023,00027,2025-12-06T06:30:27.37,PME,2023,,,,,ROUTE,DE CHATENET,17210,CHEVANCEAUX,,17104,,,17104vgt778_B,445785.7580110542,6472184.984091145,A,,,,,30.12Z,NAFRev2,O,30.12Y
509718078,00017,50971807800017,O,2009-01-05,02,2023,3315ZZ,2025-12-05T22:40:36.567,true,A,O,,2009-01-05,5499,YACHTING ARCACHON SERVICE,,,,,,,,,,,33.15Z,NAFRev2,,N,,02,2023,00017,2025-12-06T05:13:28.857,PME,2023,,27,,,AVENUE,DU GENERAL LECLERC,33260,LA TESTE-DE-BUCH,,33529,,,335291320_B,371061.41204585193,6402134.492640942,A,YACHTING ARCACHON,,,,33.15Z,NAFRev2,O,33.15Y
511791410,00026,51179141000026,O,2009-06-18,31,2023,,2025-12-06T03:15:34.137,true,A,O,,2009-04-14,5710,CHANTIER NAVAL COUACH - CNC,,,,,,,,,,,30.12Z,NAFRev2,,N,,31,2023,00026,2025-12-06T05:26:29.296,ETI,2023,,10,,,RUE,DE L'YSER,33470,GUJAN-MESTRAS,,33199,,,331990850_B,377275.9077270757,6401791.0138011845,A,,,,,30.12Z,NAFRev2,O,30.13Y
512817685,00021,51281768500021,O,2014-12-01,02,2023,3315ZZ,2025-12-06T04:33:42.778,true,A,O,,2009-04-16,5499,DUBOURDIEU SERVICES,,,,,,,,,,,33.15Z,NAFRev2,,,,02,2023,00021,2025-12-06T09:11:57.292,PME,2023,,,,,PORT,DE LARROS,33470,GUJAN-MESTRAS,,33199,,,33199B222_B,377189.28316395706,6402028.169401701,A,,,,,33.15Z,NAFRev2,O,33.15Y
514815844,00030,51481584400030,O,2015-01-01,22,2023,3012ZZ,2025-12-05T16:57:59.608,true,A,O,,2009-08-01,5710,NEEL TRIMARANS,,,,,,,,,,,30.12Z,NAFRev2,,N,,22,2023,00030,2025-12-06T07:55:23.015,PME,2023,,4,,,RUE,VIRGINIE HERIOT,17000,LA ROCHELLE,,17300,,,173008381_B,379726.8580185253,6569310.23756567,A,,,,,30.12Z,NAFRev2,O,30.12Y
518336623,00021,51833662300021,O,2011-03-15,11,2023,3012ZZ,2025-12-06T00:02:25.563,true,A,O,,2009-11-04,5710,SEALVER,,,,,,,,,,,30.12Z,NAFRev2,,,,11,2023,00021,2025-12-06T08:17:24.188,PME,2023,,1203,,,RUE,DE L'ARIESTE,40460,SANGUINET,,40287,,,402870340_B,377284.22215526295,6383577.473718151,A,,,,,30.12Z,NAFRev2,O,30.12Y
521170092,00014,52117009200014,O,2010-03-17,03,2023,3315ZZ,2025-12-05T23:41:34.317,true,A,O,,2010-03-17,5710,GWEN MARINE LA ROCHELLE,,,,,,,,,,,33.15Z,NAFRev2,,N,,03,2023,00014,2025-12-06T11:28:47.717,PME,2023,PLATEAU NAUTIQUE,9,,,RUE,DE LA SCIERIE,17000,LA ROCHELLE,,17300,,,173007593_B,379557.1497492914,6569428.15108719,A,,,,G MOTEUR SERVICE,33.15Z,NAFRev2,O,33.15Y
523371391,00013,52337139100013,O,2010-04-06,32,2023,,2025-12-05T23:06:49.592,true,A,O,,2010-04-06,5710,AP YACHT CONCEPTION,,,,,,,,,,,30.12Z,NAFRev2,,N,,32,2023,00013,2025-12-09T08:22:30.142,ETI,2023,ZONE INDUSTRIELLE,1,,,,LA PENISSIERE,17230,MARANS,,17218,,,17218i9n1_B,392472.16,6583888.8,A,,,,,30.12Z,NAFRev2,O,30.12Y
524412954,00017,52441295400017,O,2010-07-01,03,2023,3315ZZ,2025-12-05T19:49:39.488,true,A,O,,2010-07-01,5499,OCEANE BOAT,,,,,,,,,,,33.15Z,NAFRev2,,N,,03,2023,00017,2025-12-06T05:30:09.972,PME,2023,,33,,,RUE,DES CHEVREUILS,17200,ROYAN,,17306,,,173060552_B,385173.1033841198,6512547.841761683,A,,,,,33.15Z,NAFRev2,O,33.15Y
527528970,00017,52752897000017,O,2010-10-01,02,2023,3315ZZ,2025-12-05T21:43:22.252,true,A,O,,2010-10-01,5499,COURBOUIN PLAISANCE,,,,,,,,,,,33.15Z,NAFRev2,,,,02,2023,00017,2025-12-06T06:18:41.006,PME,2023,,22,,,RUE,PANHARD LEVASSOR,33510,ANDERNOS-LES-BAINS,,33005,,,330050609_B,377577.52593484544,6415463.726920855,A,COURBOUIN PLAISANCE,,,,33.15Z,NAFRev2,O,33.15Y
529920217,00021,52992021700021,O,2015-01-31,02,2023,,2025-12-05T15:15:29.537,true,A,O,,2011-01-24,5499,ESPRIT NAUTIC,,,,,,,,,,,33.15Z,NAFRev2,,N,,02,2023,00021,2025-12-06T08:00:11.592,PME,2023,ZA LES MINIMES,35,B,,QUAI,MARILLAC,17000,LA ROCHELLE,,17300,,,173005385_C,,,A,,,,ESPRIT NAUTIC,33.15Z,NAFRev2,O,33.15Y
533800363,00038,53380036300038,O,2020-03-01,02,2023,3315ZZ,2025-12-06T02:54:56.531,true,A,O,,2011-07-18,5499,ENGINE BOATS SERVICES,,,,,,,,,,,33.15Z,NAFRev2,,N,,02,2023,00038,2025-12-06T06:51:55.331,PME,2023,PARC D ACTIVITES DES 3 FRERES,351,,,AVENUE,JEAN GUITON,17000,LA ROCHELLE,,17300,,,173004420_B,376496.8232392742,6570842.697296162,A,,,,,33.15Z,NAFRev2,N,33.15Y
534312434,00028,53431243400028,O,2011-09-08,02,2023,,2025-12-06T04:12:10.282,true,A,O,,2011-07-27,5710,ATLANTIC NAVY MARINE,,,,,,,,,,,52.22Z,NAFRev2,,N,,02,2023,00028,2025-12-06T07:01:13.696,PME,2023,,200,,,RUE,EUGENE FREYSSINET,33260,LA TESTE-DE-BUCH,,33529,,,335291073_B,372573.0718928012,6398302.8965749405,A,,,,,52.22Z,NAFRev2,N,52.22Y
534867692,00020,53486769200020,O,2011-10-18,03,2023,3315ZZ,2025-12-06T02:37:16.683,false,A,O,,2011-09-15,5499,CAP OUEST LA ROCHELLE,,,,,,,,,,,46.49Z,NAFRev2,,N,,03,2023,00012,2025-12-06T11:15:30.167,PME,2023,PORT DES MINIMES,,,,,ZA DES MINIMES,17000,LA ROCHELLE,,17300,,,,,,A,TECHNAUTIC,,,,33.15Z,NAFRev2,O,33.15Y
671780179,00048,67178017900048,O,2022-12-01,11,2023,3012ZZ,2025-12-05T17:00:45.102,true,A,O,,1967-01-01,5710,STE FERNAND HERVE SARL,,,,,,,,,,,30.12Z,NAFRev2,,N,,11,2023,00048,2025-12-06T07:10:10.742,PME,2023,,22,,,AVENUE,BERNARD MOITESSIER,17180,PERIGNY,,17274,,,172740172_B,382463.38823412545,6570338.145025165,A,,,,,30.12Z,NAFRev2,O,30.12Y
681780318,00017,68178031800017,O,1968-01-01,12,2023,,2025-12-06T01:43:52.409,true,A,O,,1968-01-01,5710,LAMANAGE ET SERVICES MARITIMES DES PORTS DE LA ROCHELLE - CHARENTE,,,,,,,,,,,52.22Z,NAFRev2,,,,12,2023,00017,2025-12-06T08:06:51.874,PME,2023,TERRE PLEIN NORD L'ECLUSE,,,,CHAUSSEE,DE CEINTURE NORD,17000,LA ROCHELLE,,17300,,,173001470_B,374711.261297822,6570918.31839862,A,LAMANAGE LA ROCHELLE - CHARENTE,,,,52.22Z,NAFRev2,O,52.22Y
712720085,00018,71272008500018,O,1971-01-01,03,2023,,2025-12-05T21:11:05.843,true,A,O,,1971-01-01,5499,SOC COOP MARIT LAMANEURS PORT DE BAYONNE,,,,,,,,,,,52.22Z,NAFRev2,,N,,03,2023,00018,2025-12-06T09:32:58.344,PME,2023,BAT DE LA CCI DE BAYONNE,,,,QUAI,DU BAZE,64340,BOUCAU,,64140,,,641400070_B,336784.24090035557,6279856.121677561,A,,,,,52.22Z,NAFRev2,O,52.22Y
753488006,00028,75348800600028,O,2014-08-01,02,2023,3315ZZ,2025-12-05T18:17:46.469,true,A,O,,2012-08-01,5499,MARINE SERVICES 33 EURL,,,,,,,,,,,33.15Z,NAFRev2,,,,02,2023,00028,2025-12-06T06:19:54.433,PME,2023,ZONE INDUSTRIELLE,260,B,,AVENUE,DENIS PAPIN,33260,LA TESTE-DE-BUCH,,33529,,,335290849_B,372812.49864821654,6398453.549025763,A,,,,,33.15Z,NAFRev2,O,33.15Y
775582927,00049,77558292700049,O,1999-10-31,02,2023,,2025-12-06T04:44:53.382,false,A,O,,1985-04-01,8490,PILOTAGE DE LA GIRONDE,,,,,,,,,,,52.22Z,NAFRev2,,,,12,2023,00064,2025-12-06T07:30:47.677,PME,2023,,,,,AVENUE,DE LA CHAMBRETTE,33123,LE VERDON-SUR-MER,,33544,,,335440037_B,382990.4560590493,6503282.166499049,A,,,,,52.22Z,NAFRev2,O,52.22Y
775582927,00064,77558292700064,O,2001-08-09,12,2023,,2025-12-06T04:44:53.383,true,A,O,,1985-04-01,8490,PILOTAGE DE LA GIRONDE,,,,,,,,,,,52.22Z,NAFRev2,,,,12,2023,00064,2025-12-06T07:30:47.677,PME,2023,,4,,,IMPASSE,FRANKLIN,33530,BASSENS,,33032,,,330320358_B,421772.78075011104,6427967.069877969,A,,,,,52.22Z,NAFRev2,O,52.22Y
781333364,00011,78133336400011,O,1900-01-01,11,2023,,2025-12-05T19:31:25.292,true,A,O,,1900-01-01,8490,SYNDICAT PROFESSIONNEL DES PILOTES MARITIMES,,,,,,,,,,,52.22Z,NAFRev2,,N,,11,2023,00011,2025-12-06T05:18:42.678,PME,2023,,160,,,RUE,DU SENEGAL,17000,LA ROCHELLE,,17300,,,173007630_B,374458.71,6570828.62,A,,,,,52.22Z,NAFRev2,O,52.22Y
781804141,00021,78180414100021,O,2008-10-10,32,2023,,2025-12-05T15:39:34.431,true,A,O,,1987-08-21,4110,GRAND PORT MARITIME DE BORDEAUX,,,,,,,,,,,52.22Z,NAFRev2,,N,,32,2023,00021,2025-12-06T07:35:15.107,ETI,2023,,152,,,QUAI,DE BACALAN,33300,BORDEAUX,,33063,,,330630540_B,419649.9959633732,6424532.263983427,A,BORDEAUX PORT ATLANTIQUE,,,,52.22Z,NAFRev2,O,52.22Y
790924682,00020,79092468200020,O,2016-04-18,11,2023,,2025-12-06T00:54:00.867,true,A,O,,2013-01-15,5499,NAVITEAM,PYP ATLANTIC,,,,,,,,,,33.15Z,NAFRev2,,N,,11,2023,00020,2025-12-06T06:26:08.492,PME,2023,,179,,,QUAI,DE BRAZZA,33100,BORDEAUX,,33063,,,330631230_B,420055.8757765877,6424004.359615202,A,,,,,33.15Z,NAFRev2,O,33.15Y
793265422,00030,79326542200030,O,2013-05-29,12,2023,,2025-12-06T03:03:28.794,false,A,O,,2013-05-22,5710,SPARCRAFT,,,,,,,,,,,25.99B,NAFRev2,,N,,21,2023,00048,2025-12-06T05:52:30.817,ETI,2023,,8,,,RUE,BLAISE PASCAL,17180,PERIGNY,,17274,,,172740036_B,383229.2368253406,6570502.507625106,A,,,,,30.11Z,NAFRev2,O,30.11Y
814870127,00028,81487012700028,O,2016-11-01,03,2023,3012ZZ,2025-12-06T00:07:18.972,true,A,O,,2015-11-20,5710,SAS AYROLES,,,,,,,,,,,30.12Z,NAFRev2,,,,03,2023,00028,2025-12-06T10:58:44.792,PME,2023,ZA DU BOUT BLANC,,,,RUE,DE LA BRIGANTINE,17000,LA ROCHELLE,,17300,,,173001195_B,379105.93653041986,6569613.061125911,A,DISCOV'RIB,,,,30.12Z,NAFRev2,O,30.12Y
815131842,00024,81513184200024,O,2020-09-01,11,2023,,2025-12-06T00:32:19.286,true,A,O,,2015-12-01,5710,PINBALL BOAT,,,,,,,,,,,30.12Z,NAFRev2,,N,,11,2023,00024,2025-12-06T05:53:16.153,PME,2023,,33,,,RUE,DES CAYANNES ZA D'ORS,17480,LE CHATEAU D'OLERON,,17093,,,,,,A,,,,,30.12Z,NAFRev2,O,30.12Y
821282688,00018,82128268800018,O,2016-07-01,02,2023,3012ZZ,2025-12-05T20:00:26.205,true,A,O,,2016-07-01,5499,LACA BOAT,JLN,,,,,,,,,,30.12Z,NAFRev2,,N,,02,2023,00018,2025-12-06T11:15:23.255,PME,2023,ZA LA MEULE,22,,,RTE,DE LA BERLE,33680,LACANAU,,33214,,,,,,A,,,,,30.12Z,NAFRev2,O,30.12Y
821523503,00026,82152350300026,O,2017-08-01,02,2023,,2025-12-05T18:43:52.911,true,A,O,,2016-06-21,5499,SARL ATLANTIC RENOV,,,,,,,,,,,33.15Z,NAFRev2,,,,02,2023,00026,2025-12-06T08:00:11.964,PME,2023,LE PORT,1,,,IMPASSE,DES CARRELETS,17132,MESCHERS-SUR-GIRONDE,,17230,,,172300158_B,392367.8851579621,6502855.400889726,A,,,,,33.15Z,NAFRev2,O,33.15Y
828106872,00017,82810687200017,O,2017-02-28,02,2023,3315ZZ,2025-12-06T01:59:10.584,true,A,O,,2017-02-28,5710,SELECT YACHT,,,,,,,,,,,33.15Z,NAFRev2,,N,,02,2023,00017,2025-12-06T07:30:55.973,PME,2023,ZA DES MINIMES,29,,,QUAI,MARILLAC,17000,LA ROCHELLE,,17300,,,173005385_B,379002.61936342757,6569315.919660628,A,,,,,33.15Z,NAFRev2,O,33.15Y
829635259,00015,82963525900015,O,2017-04-01,03,2023,3315ZZ,2025-12-06T04:14:56.034,true,A,O,,2017-04-01,5710,NEO MARINE ATLANTIQUE,,,,,,,,,,,33.15Z,NAFRev2,,N,,03,2023,00015,2025-12-06T05:43:30.469,PME,2023,,52,,,RUE,DE LA TRINQUETTE,17000,LA ROCHELLE,,17300,,,173008055_B,379084.9626932521,6569150.774485842,A,,,,NEO MARINE ATLANTIQUE,33.15Z,NAFRev2,O,33.15Y
830434809,00026,83043480900026,O,2020-02-25,12,2023,,2025-12-06T00:07:04.015,true,A,O,,2017-06-07,5710,RM YACHTS,,,,,,,,,,,30.12Z,NAFRev2,,N,,12,2023,00026,2025-12-06T05:22:14.96,ETI,2023,SITE DES QUATRE CHEVALIERS,,,,ROND POINT,DE LA REPUBLIQUE,17180,PERIGNY,,17274,,,172740299_B,382891.8513931196,6569824.513017987,A,,,,,30.12Z,NAFRev2,O,30.12Y
834227654,00029,83422765400029,O,2020-09-01,03,2023,3012ZZ,2025-12-05T19:35:33.632,true,A,O,,2018-01-05,5499,CHANTIER NAVAL DU CAP-FERRET,CNCF,,,,,,,,,,30.12Z,NAFRev2,,N,,03,2023,00029,2025-12-06T06:48:24.724,PME,2023,,18,,,RUE,DUCASSE,33950,LEGE-CAP-FERRET,,33236,,,332360574_B,370413.119403531,6418632.176577323,A,BATOLOCAP,,,CHANTIER NAVAL DU CAP-FERRET,30.12Z,NAFRev2,O,30.12Y
834290694,00027,83429069400027,O,1900-01-01,03,2023,,2025-12-05T16:09:23.74,true,A,O,,2017-12-15,5710,TRANSDEV MARITIME LA ROCHELLE,,,,,,,,,,,50.10Z,NAFRev2,,N,,03,2023,00027,2025-12-06T07:32:44.638,GE,2023,,31,,,RUE,RAMEAU,17000,LA ROCHELLE,,17300,,,173006870_B,380882.5953446764,6570546.832330808,A,,,,,50.10Z,NAFRev2,O,50.10Y
835302258,00016,83530225800016,O,2018-02-15,02,2023,3315ZZ,2025-12-06T01:27:37.904,true,A,O,,2018-02-15,5710,AYROLES PLAISANCE,,,,,,,,,,,33.15Z,NAFRev2,,N,,02,2023,00016,2025-12-06T09:20:21.891,PME,2023,ZA DES MINIMES ET DU BOUT BLANC,,,,RUE,DE LA BRIGANTINE,17000,LA ROCHELLE,,17300,,,173001195_B,379105.93653041986,6569613.061125911,A,LA ROCHELLE PLAISANCE,,,AYROLES-ELIAN,33.15Z,NAFRev2,O,33.15Y
839271665,00011,83927166500011,O,2018-04-11,02,2023,3315ZZ,2025-12-06T03:50:30.977,true,A,O,,2018-04-11,5499,CHANTIER NAVAL TESTERIN,CNT,,,,,,,,,,33.15Z,NAFRev2,,N,,02,2023,00011,2025-12-06T05:26:30.117,PME,2023,,992,,,AVENUE,GUSTAVE EIFFEL,33260,LA TESTE-DE-BUCH,,33529,,,335291467_B,373152.17426513595,6398719.546729289,A,,,,CNT,33.15Z,NAFRev2,O,33.15Y
843089319,00019,84308931900019,O,2018-10-08,12,2023,,2025-12-06T04:41:51.903,true,A,O,,2018-10-08,5710,BORDEAUX OPERATIONS PORTUAIRES - BOP,,,,,,,,,,,52.22Z,NAFRev2,,N,,12,2023,00019,2025-12-06T11:12:59.833,ETI,2023,CS 41430,152,,,QUAI,DE BACALAN,33300,BORDEAUX,,33063,,,330630540_B,419649.9959633732,6424532.263983427,A,,,,,52.22Z,NAFRev2,O,52.22Y
848943098,00014,84894309800014,O,2019-02-19,02,2023,3315ZZ,2025-12-06T00:54:18.064,true,A,O,,2019-02-19,5499,MS SOLUTIONS,,,,,,,,,,,33.15Z,NAFRev2,,N,,02,2023,00014,2025-12-06T07:47:58.739,PME,2023,,24,,,RUE,PIERRE HAREL,17000,LA ROCHELLE,,17300,,,173006458_B,380402.8082007101,6569449.295747492,A,,,,,33.15Z,NAFRev2,O,33.15Y
850503483,00016,85050348300016,O,2019-05-03,02,2023,3315ZZ,2025-12-06T01:41:44.316,true,A,O,,2019-05-03,5710,BOAT ACCESS RETAILS,,,,,,,,,,,33.15Z,NAFRev2,,N,,02,2023,00016,2025-12-06T05:58:15.244,PME,2023,ATELIER 11 PORT OSTREICOLE,35,,,AV,DU CDT DAVID D ALLEGRE,33510,ANDERNOS-LES-BAINS,,33005,,,330050219_C,,,A,,,,BOAT ACCESS,33.15Z,NAFRev2,O,33.15Y
884924812,00016,88492481200016,O,2020-07-01,02,2023,3315ZZ,2025-12-06T00:50:01.631,true,A,O,,2020-07-01,5499,MECAP - FERRET,,,,,,,,,,,33.15Z,NAFRev2,,N,,02,2023,00016,2025-12-06T07:38:01.671,PME,2023,,13,,,RUE,DUQUESNE,33950,LEGE-CAP-FERRET,,33236,,,332360597_B,370456.68216012354,6418797.049012437,A,,,,,33.15Z,NAFRev2,O,33.15Y
887506046,00028,88750604600028,O,2022-08-30,03,2023,4520AB,2025-12-05T16:05:37.717,true,A,O,,2020-07-17,5499,DESAIZE LOCATION,,,,,,,,,,,77.34Z,NAFRev2,,N,,03,2023,00028,2025-12-06T05:38:21.163,ETI,2023,,32,,,QUAI,DES CHARTRONS,33000,BORDEAUX,,33063,,,330632000_B,418039.50689329096,6423219.25465572,A,,,,DESAIZE LOCATION,77.34Z,NAFRev2,O,77.34Y
892273319,00012,89227331900012,O,2021-01-02,11,2023,3315ZZ,2026-01-16T13:09:51.005,true,A,O,,2021-01-02,5710,BY PAINT SERVICE,,,,,,,,,,,30.12Z,NAFRev2,,N,,11,2023,00012,2026-01-16T13:09:50.987,PME,2023,,13,,,AV,ARMAND BERAUD,33440,SAINT VINCENT DE PAUL,,33487,,,334870003_C,,,A,,,,,30.12Z,NAFRev2,N,30.12Y
901345686,00017,90134568600017,O,2021-07-12,02,2023,,2025-12-06T04:09:29.374,true,A,O,,2021-07-12,5499,CORDOUAN PLAISANCE SERVICES,,,,,,,,,,,33.15Z,NAFRev2,,N,,02,2023,00017,2025-12-06T10:55:59.397,PME,2023,,1,,,QUAI,VERTICAL DE PORT BLOC,33123,LE VERDON-SUR-MER,,33544,,,,,,A,,,,,33.15Z,NAFRev2,N,33.15Y
903120418,00020,90312041800020,O,2021-11-04,11,2023,,2025-12-06T03:04:00.62,true,A,O,,2021-09-14,5710,UCHIMATA SERVICES,,,,,,,,,,,33.15Z,NAFRev2,,N,,11,2023,00020,2025-12-06T05:15:36.317,PME,2023,,3,,,QUAI,MARILLAC,17000,LA ROCHELLE,,17300,,,173005385_B,379002.61936342757,6569315.919660628,A,,,,UCHIMATA,33.15Z,NAFRev2,O,33.15Y
903686079,00018,90368607900018,O,2021-09-01,11,2023,3012ZZ,2025-12-06T00:06:59.013,true,A,O,,2021-09-01,5499,CHANTIER NAVAL DES MINIMES,,,,,,,,,,,30.12Z,NAFRev2,,N,,11,2023,00018,2025-12-06T05:22:15.528,PME,2023,,4,,,RUE,DE LA BONETTE,17000,LA ROCHELLE,,17300,,,173001045_B,379170.45690298895,6569621.558491681,A,,,,CHANTIER NAVAL DES MINIMES,30.12Z,NAFRev2,O,30.12Y
910415645,00019,91041564500019,O,2022-02-15,02,2023,3012ZZ,2025-12-06T04:28:31.432,true,A,O,,2022-02-15,5710,ECO-CONSTRUCTIONS DE NOUVELLE AQUITAINE,,,,,,,,,,,30.12Z,NAFRev2,,N,,02,2023,00019,2025-12-06T07:37:24.931,PME,2023,,1010,,,AVENUE,DE L’EUROPE,33260,LA TESTE-DE-BUCH,,33529,,,335291074_B,373714.50562151015,6399358.468355973,A,,,,,30.12Z,NAFRev2,N,30.12Y
918447434,00013,91844743400013,O,2022-07-08,02,2023,3315ZZ,2025-12-05T19:51:29.497,true,A,O,,2022-07-08,5499,HAMM SERVICES,,,,,,,,,,,33.15Z,NAFRev2,,N,,02,2023,00013,2025-12-06T08:44:29.437,PME,2023,,3,,,RUE,JOSEPH CUGNOT,17180,PERIGNY,,17274,,,172740157_B,383248.6710606984,6570109.844424262,A,,,,HAMM SERVICES,33.15Z,NAFRev2,O,33.15Y
920349149,00012,92034914900012,O,2022-10-11,02,2023,,2025-12-05T21:10:49.059,true,A,O,,2022-10-11,5499,A-VAL ADMINISTRATION,,,,,,,,,,,52.22Z,NAFRev2,,N,,02,2023,00012,2025-12-06T08:04:54.295,PME,2023,QUARTIER BEHOBIE,534,,,RUE,DE MAILLARENEA,64122,URRUGNE,,64545,,,645450370_B,313939.0398725123,6261702.724365186,A,,,,,52.22Z,NAFRev2,O,52.22Y
921329926,00015,92132992600015,O,2022-11-14,02,2023,,2025-12-06T00:09:16.297,true,A,O,,2022-11-14,5599,SPL D EXPLOITATION DU PORT DEPARTEMENTAL DE SAINT-JEAN-DE-LUZ-CIBOURE,,,,,,,,,,,52.22Z,NAFRev2,,N,,12,2023,00015,2025-12-06T06:18:26.6,PME,2023,,2,,,PLACE,DES RECOLLETS,64500,CIBOURE,,64189,,,641890698_B,321969.5207231689,6265158.35248357,A,,,,,52.22Z,NAFRev2,O,52.22Y
921329926,00031,92132992600031,O,2023-03-01,11,2023,,2025-12-06T02:49:20.651,false,A,O,,2022-11-14,5599,SPL D EXPLOITATION DU PORT DEPARTEMENTAL DE SAINT-JEAN-DE-LUZ-CIBOURE,,,,,,,,,,,52.22Z,NAFRev2,,N,,12,2023,00015,2025-12-06T06:18:26.6,PME,2023,,16,,,QUAI,PASCAL ELISSALT,64500,CIBOURE,,64189,,,641890650_B,321989.9827328556,6265269.495979217,A,,,,,52.22Z,NAFRev2,O,52.22Y
949760128,00015,94976012800015,O,2023-03-06,02,2023,,2025-12-05T19:46:01.873,true,A,O,,2023-03-06,5499,SAFY,,,,,,,,,,,33.15Z,NAFRev2,,N,,02,2023,00015,2025-12-06T09:27:58.475,PME,2023,,22,,,CHEMIN,DE LA MER,17220,LA JARRIE,,17194,,,171940263_B,389395.86394395074,6565647.518535256,A,,,,,33.15Z,NAFRev2,O,33.15Y
950596429,00015,95059642900015,O,1989-09-01,32,2023,,2025-12-05T20:43:23.422,true,A,O,,1989-09-01,5710,DUFOUR YACHTS,,,,,,,,,,,30.12Z,NAFRev2,,N,,32,2023,00015,2025-12-06T05:43:29.565,ETI,2023,ZONE INDUSTRIELLE,1,,,RUE,BLAISE PASCAL,17180,PERIGNY,,17274,,,172740036_B,382766.16082162305,6570754.817921517,A,,,,,30.12Z,NAFRev2,O,30.12Y
950596429,00106,95059642900106,O,2007-01-01,21,2023,,2025-12-05T16:54:44.84,false,A,O,,1989-09-01,5710,DUFOUR YACHTS,,,,,,,,,,,30.12Z,NAFRev2,,N,,32,2023,00015,2025-12-06T05:43:29.565,ETI,2023,BAT 3 ZI DES 4 CHEVALIERS,,,,ROND POINT,DE LA REPUBLIQUE,17180,PERIGNY,,17274,,,172740299_B,382891.8513931196,6569824.513017987,A,DUFOUR YACHTS,,,,30.12Z,NAFRev2,O,30.12Y
954053112,00015,95405311200015,O,2023-07-01,03,2023,,2025-12-06T03:26:48.35,true,A,O,,2023-07-01,5710,MECA-BATEAUX ETS COLMAIRE,,,,,,,,,,,33.15Z,NAFRev2,,N,,03,2023,00015,2025-12-06T06:25:27.767,PME,2023,,30,,,PORT,DE LA HUME,33470,GUJAN-MESTRAS,,33199,,,33199b224_B,373629.12944586127,6402166.0223224,A,,,,,33.15Z,NAFRev2,N,33.15Y
